ID,Price,,,Square Footage,,Bedrooms,Bathrooms,Floors,,,Garage,Pool,Central Air,Heating Type,,,Distance to City Center,,,,Crime Rate,,Property Tax,,,,,Previous Sale Price
1,16394478,,,5331,,4,1,1,,,1,No,Yes,Central,,,49.41,,,,Low,,29271.4,,,,,5938702
2,13615092,,,3268,,3,1,3,,,0,Yes,Yes,Electric,,,19.77,,,,Medium,,8456.56,,,,,1102914
3,2534489,,,3686,,4,4,2,,,2,Yes,Yes,Gas,,,36.76,,,,High,,9655.51,,,,,3797859
4,14886186,,,3073,,3,2,1,,,1,No,Yes,None,,,34.39,,,,High,,14982.71,,,,,6814329
5,9928519,,,3099,,3,2,3,,,1,No,Yes,Central,,,11,,,,Medium,,47837.63,,,,,15000939
6,10826850,,,4533,,4,2,1,,,0,Yes,Yes,Gas,,,12.33,,,,Low,,36971.32,,,,,12109537
7,7704852,,,8928,,3,3,1,,,2,No,No,Electric,,,14.42,,,,Medium,,33422.97,,,,,15444738
8,5281505,,,1804,,3,4,1,,,1,Yes,No,Electric,,,20.85,,,,Low,,41030.93,,,,,8514025
9,14253367,,,7868,,2,4,3,,,1,Yes,Yes,Electric,,,12.1,,,,Low,,7251.25,,,,,18415439
10,18844107,,,6377,,5,1,3,,,0,Yes,No,None,,,1.47,,,,Medium,,43107.31,,,,,11935432
11,4821373,,,1801,,5,3,1,,,0,No,Yes,Central,,,44.03,,,,Medium,,30146.8,,,,,11822730
12,6319877,,,3041,,6,2,2,,,2,Yes,Yes,Gas,,,48.3,,,,Low,,17431.12,,,,,12405236
13,3644769,,,2551,,6,3,2,,,0,No,Yes,Central,,,17.41,,,,Low,,40976.91,,,,,15864814
14,9480351,,,7309,,2,4,3,,,2,No,Yes,None,,,17.26,,,,Low,,40325.66,,,,,9305908
15,403355,,,9133,,6,4,3,,,1,Yes,Yes,Central,,,0.85,,,,Low,,42439.72,,,,,5181083
16,16264436,,,9496,,4,1,3,,,2,No,No,None,,,34.17,,,,High,,6660.38,,,,,11514815
17,1562752,,,574,,1,1,3,,,2,No,No,Electric,,,41.36,,,,Medium,,48498.7,,,,,16642774
18,10084633,,,7481,,1,4,3,,,2,No,No,Gas,,,7.76,,,,Low,,48021.68,,,,,15606756
19,5964789,,,5975,,1,2,2,,,1,No,No,Electric,,,8.4,,,,Medium,,18516.01,,,,,11571368
20,9995979,,,8732,,2,2,3,,,0,No,Yes,Central,,,39.61,,,,Low,,4228.81,,,,,7979124
21,9605648,,,7684,,2,3,1,,,1,Yes,No,Electric,,,31.01,,,,Medium,,9185.73,,,,,16040395
22,6043066,,,6296,,3,4,1,,,0,No,Yes,Gas,,,2.72,,,,Medium,,49648.71,,,,,18902995
23,10942490,,,7641,,1,4,2,,,2,Yes,No,Electric,,,31.32,,,,Low,,28587.63,,,,,16408769
24,6413790,,,2122,,4,2,1,,,2,Yes,No,Gas,,,15.79,,,,Low,,18474.47,,,,,14540329
25,13537723,,,8541,,6,2,2,,,2,Yes,No,Gas,,,18.75,,,,Medium,,15121.93,,,,,6848216
26,12948637,,,841,,4,4,2,,,2,Yes,No,Electric,,,38.6,,,,Medium,,13592.6,,,,,6535111
27,17161870,,,2574,,6,1,1,,,2,Yes,Yes,None,,,40.64,,,,Medium,,33543.49,,,,,11637879
28,5447581,,,8492,,1,4,3,,,0,Yes,No,Central,,,20.32,,,,High,,21550,,,,,5365719
29,19031570,,,1145,,1,4,1,,,0,No,No,None,,,47.38,,,,Low,,48305.12,,,,,2443781
30,2728388,,,4763,,1,2,1,,,2,No,Yes,None,,,20.62,,,,High,,34508.31,,,,,11478487
31,2963046,,,9301,,2,2,2,,,1,No,Yes,Electric,,,38.71,,,,High,,39810.18,,,,,4441042
32,11259014,,,6636,,6,1,1,,,1,Yes,No,Central,,,24.45,,,,Low,,15344.34,,,,,1819546
33,15646051,,,9146,,2,1,2,,,2,No,Yes,Central,,,44.93,,,,Low,,4880.13,,,,,19132624
34,3685357,,,3469,,2,3,3,,,0,No,Yes,None,,,45.43,,,,High,,24903.32,,,,,18456449
35,16233681,,,3528,,5,4,3,,,1,No,Yes,Electric,,,4.83,,,,Low,,16414.5,,,,,15956982
36,11484121,,,8143,,4,2,3,,,1,Yes,No,Central,,,46.86,,,,Medium,,10902.08,,,,,12789770
37,1765689,,,3181,,4,1,1,,,1,No,Yes,None,,,41.36,,,,Medium,,47679.46,,,,,3751345
38,17145364,,,4129,,3,3,2,,,2,Yes,No,Central,,,39.67,,,,High,,22755.42,,,,,2017222
39,18902881,,,4725,,2,3,3,,,1,No,No,Electric,,,10.45,,,,High,,9560.72,,,,,17277427
40,19822899,,,3567,,6,2,2,,,1,Yes,No,Electric,,,40.35,,,,Low,,10733.88,,,,,12938828
41,11692366,,,6441,,5,2,2,,,1,Yes,No,Electric,,,42.58,,,,Low,,14754.78,,,,,9361568
42,15658907,,,1886,,5,3,3,,,1,Yes,Yes,Central,,,14.81,,,,High,,49966.5,,,,,2395383
43,2969995,,,3366,,4,1,3,,,0,No,No,Gas,,,47.64,,,,High,,14132.56,,,,,10970977
44,13139420,,,5288,,2,3,2,,,2,No,Yes,Central,,,2.97,,,,Medium,,17111.29,,,,,17944697
45,13779854,,,5990,,3,4,3,,,2,Yes,No,Gas,,,7.92,,,,Medium,,33307.08,,,,,4696054
46,6697986,,,4624,,2,4,2,,,0,No,Yes,Electric,,,27.11,,,,Low,,15404.11,,,,,18345646
47,13487277,,,8840,,1,2,2,,,0,Yes,No,None,,,29,,,,Medium,,11574.41,,,,,9435011
48,2170928,,,4350,,2,1,3,,,2,Yes,Yes,Gas,,,32.43,,,,Low,,8773.22,,,,,5878086
49,4455299,,,5915,,1,1,1,,,1,No,No,Electric,,,1.34,,,,Low,,16321.45,,,,,12815877
50,11246097,,,8179,,1,4,3,,,1,No,No,Electric,,,48.04,,,,Low,,6189.87,,,,,14081922
51,14391261,,,7319,,3,3,1,,,2,No,Yes,Gas,,,2.71,,,,Medium,,1913.68,,,,,15550633
52,19382629,,,9828,,6,2,2,,,1,Yes,No,None,,,7.58,,,,High,,40427.44,,,,,9519892
53,571836,,,8878,,4,3,2,,,0,Yes,No,Electric,,,1.19,,,,High,,7756.85,,,,,16806621
54,3884702,,,9942,,2,3,1,,,1,No,No,Gas,,,28.56,,,,Medium,,39022.87,,,,,19679237
55,7581369,,,1833,,1,3,2,,,1,Yes,Yes,None,,,46.65,,,,High,,40079.58,,,,,10440380
56,19376651,,,4650,,2,1,1,,,1,No,No,None,,,33.46,,,,Low,,27358.06,,,,,14460371
57,8885377,,,7266,,6,4,1,,,2,Yes,No,Electric,,,41.22,,,,High,,16174.42,,,,,19794586
58,19735721,,,3211,,4,1,2,,,0,No,Yes,Central,,,1.16,,,,Medium,,8106.6,,,,,11980810
59,18348957,,,5353,,6,4,1,,,1,No,Yes,Central,,,27.33,,,,High,,37103.45,,,,,13926214
60,18124013,,,6712,,4,2,3,,,2,Yes,Yes,Electric,,,23.25,,,,Low,,30467.96,,,,,8950353
61,3347262,,,7979,,5,2,3,,,1,No,Yes,None,,,25.2,,,,Low,,33117.22,,,,,6263523
62,11273639,,,5908,,4,3,2,,,0,No,Yes,Electric,,,4.07,,,,Medium,,1424.79,,,,,7994852
63,864685,,,8215,,3,4,2,,,1,Yes,No,Gas,,,34.38,,,,Medium,,46448.33,,,,,18823875
64,3179190,,,9442,,6,4,1,,,0,No,No,Central,,,25.41,,,,Medium,,4248.22,,,,,5240952
65,1307293,,,2262,,1,4,1,,,1,Yes,No,Gas,,,38.37,,,,Low,,18973.49,,,,,13989610
66,3666612,,,7601,,5,3,1,,,0,No,Yes,Electric,,,24.52,,,,High,,20732.87,,,,,7346305
67,3004238,,,8174,,3,3,1,,,1,Yes,No,Electric,,,7.89,,,,High,,1066.42,,,,,16261301
68,2930708,,,6622,,2,2,3,,,0,No,Yes,None,,,32.59,,,,Medium,,25357.38,,,,,16681837
69,3794679,,,981,,6,1,3,,,1,No,Yes,None,,,9.03,,,,High,,37887.64,,,,,3456390
70,18844856,,,653,,1,4,2,,,1,No,No,None,,,43.68,,,,High,,41340.16,,,,,14387705
71,15906139,,,8117,,4,4,1,,,2,No,Yes,Gas,,,30.85,,,,Medium,,44090.45,,,,,12416906
72,11302348,,,2024,,1,1,1,,,2,Yes,Yes,None,,,8.28,,,,Medium,,24898.22,,,,,15378179
73,1585160,,,2620,,2,4,2,,,0,Yes,No,Electric,,,48.14,,,,Low,,31901.17,,,,,3212166
74,5473036,,,2843,,5,3,1,,,1,Yes,Yes,None,,,26.16,,,,Low,,4896.47,,,,,10769052
75,18502688,,,5636,,5,3,1,,,0,Yes,Yes,Central,,,4.11,,,,Low,,24913.87,,,,,6190681
76,348984,,,6260,,6,4,1,,,2,Yes,No,None,,,31.53,,,,Low,,8585.97,,,,,7813317
77,11088678,,,1740,,5,3,1,,,0,Yes,Yes,Gas,,,13.03,,,,High,,19112.51,,,,,6405183
78,6856168,,,560,,6,3,1,,,0,Yes,Yes,Central,,,40.28,,,,High,,17135.96,,,,,17937729
79,18581600,,,9630,,6,4,2,,,2,No,No,Central,,,40.98,,,,Low,,21753.49,,,,,4728935
80,14916555,,,2139,,6,2,1,,,1,No,No,Central,,,48.96,,,,Low,,29010.19,,,,,15904634
81,19308135,,,6685,,4,1,2,,,0,No,No,Gas,,,25.34,,,,Medium,,45240.96,,,,,18136504
82,13019242,,,8470,,3,3,1,,,2,No,No,Electric,,,23.02,,,,High,,20329.75,,,,,6299566
83,15460818,,,1752,,6,2,3,,,1,Yes,Yes,None,,,37.8,,,,High,,49075.43,,,,,7110136
84,16330288,,,4703,,6,3,3,,,2,Yes,Yes,Central,,,7.06,,,,Low,,38192.37,,,,,4690741
85,2037095,,,8863,,3,3,3,,,0,Yes,No,Central,,,27.57,,,,High,,26062.57,,,,,10348657
86,10799746,,,4049,,1,1,3,,,1,No,Yes,Central,,,27.54,,,,Medium,,32557.3,,,,,12370834
87,5080450,,,4697,,6,3,2,,,1,Yes,Yes,Electric,,,4.93,,,,Medium,,6008.98,,,,,19470648
88,19187034,,,7509,,4,1,2,,,2,No,No,Electric,,,21.19,,,,High,,42381.56,,,,,8542909
89,16329444,,,7167,,5,1,1,,,2,Yes,No,Gas,,,42.74,,,,Low,,29535.52,,,,,3199529
90,19309001,,,2822,,5,1,3,,,2,Yes,Yes,Electric,,,42.88,,,,High,,49317.31,,,,,16988621
91,11636697,,,4590,,2,2,2,,,1,Yes,No,None,,,5.41,,,,Medium,,32185.01,,,,,7981356
92,4153339,,,7460,,2,4,1,,,1,Yes,No,Gas,,,4.99,,,,Low,,41871.47,,,,,18458389
93,16313446,,,3504,,5,2,1,,,0,No,No,Gas,,,13.5,,,,High,,40188.37,,,,,13754748
94,18073323,,,5636,,5,4,2,,,1,No,Yes,None,,,43.8,,,,Low,,17927.6,,,,,14926405
95,12210049,,,829,,4,4,3,,,0,Yes,No,None,,,6.88,,,,Low,,13720.92,,,,,18128844
96,7430144,,,4140,,3,1,1,,,2,No,Yes,None,,,36.14,,,,Medium,,22094.19,,,,,2686568
97,4845583,,,8482,,2,3,3,,,2,Yes,Yes,Gas,,,5.51,,,,Low,,23894.83,,,,,12137630
98,15893974,,,4607,,3,1,3,,,1,Yes,Yes,Gas,,,31.35,,,,High,,12764.15,,,,,448388
99,8288004,,,1841,,4,3,3,,,2,Yes,No,Gas,,,18.13,,,,Low,,44835.3,,,,,8086637
100,13372482,,,8907,,5,4,1,,,2,Yes,No,None,,,39.55,,,,Low,,27584.85,,,,,5377831
101,5815989,,,838,,6,1,3,,,1,No,No,None,,,12.07,,,,High,,48943.78,,,,,3401954
102,19198906,,,6395,,3,3,1,,,0,Yes,No,Central,,,32.14,,,,Medium,,40690.87,,,,,7580054
103,15181728,,,3208,,5,2,3,,,1,Yes,No,Electric,,,12.17,,,,Medium,,28229.54,,,,,9238606
104,791234,,,2250,,5,3,1,,,0,No,Yes,Central,,,35.83,,,,High,,47404.97,,,,,5273216
105,10636868,,,6104,,1,1,3,,,1,Yes,Yes,None,,,43.75,,,,High,,25738.87,,,,,7585599
106,13022094,,,2921,,3,2,2,,,1,No,Yes,Gas,,,6.78,,,,Medium,,44468.22,,,,,7261990
107,10209709,,,7619,,6,3,3,,,2,Yes,No,None,,,43.4,,,,Low,,18549.09,,,,,2877697
108,13066976,,,9401,,3,3,3,,,1,Yes,Yes,Electric,,,29.88,,,,High,,19553.48,,,,,7976465
109,13096932,,,5819,,5,3,1,,,1,Yes,Yes,Central,,,6.79,,,,Low,,21488.4,,,,,6532238
110,7214550,,,7109,,6,3,1,,,0,Yes,No,Central,,,21.66,,,,High,,27784.66,,,,,5628567
111,7206726,,,5887,,4,3,3,,,2,Yes,No,Gas,,,8.46,,,,Medium,,28121.02,,,,,13001880
112,6188794,,,4493,,1,2,2,,,0,Yes,Yes,Central,,,35.17,,,,Low,,25323.55,,,,,13086482
113,6810425,,,9180,,5,4,2,,,0,No,Yes,Central,,,38.06,,,,Low,,15994.05,,,,,3877141
114,8811017,,,8544,,2,2,1,,,2,Yes,No,None,,,5.74,,,,High,,46433.12,,,,,17893689
115,8187739,,,8738,,2,2,2,,,2,No,No,Central,,,25.55,,,,Low,,29840.72,,,,,13802619
116,1069598,,,5373,,1,2,3,,,2,No,No,Central,,,40.82,,,,High,,20979.22,,,,,12646138
117,15752902,,,5306,,4,4,1,,,1,Yes,No,Central,,,46.84,,,,Medium,,32907.67,,,,,16939475
118,8271379,,,9092,,5,1,3,,,2,No,Yes,Gas,,,25.92,,,,Low,,38630.37,,,,,1730264
119,3631068,,,6413,,3,4,1,,,2,Yes,Yes,Gas,,,47.54,,,,High,,48075.68,,,,,6798450
120,3556415,,,7624,,1,2,1,,,2,No,No,None,,,27.02,,,,Low,,25477.91,,,,,10324454
121,1174371,,,3657,,4,3,1,,,0,Yes,Yes,Central,,,20.01,,,,High,,6492.83,,,,,16880252
122,5954237,,,890,,3,3,1,,,0,No,Yes,Gas,,,42.49,,,,High,,22597.52,,,,,3029974
123,12561606,,,4930,,2,2,2,,,1,No,No,Gas,,,24.9,,,,High,,24469.56,,,,,11475594
124,18050764,,,9320,,2,3,3,,,0,Yes,Yes,None,,,23.86,,,,Medium,,44952.71,,,,,18412580
125,3644014,,,8186,,3,2,3,,,1,No,Yes,Electric,,,24.77,,,,Low,,20345.24,,,,,11348541
126,9902083,,,4732,,1,3,3,,,0,Yes,Yes,Central,,,42.42,,,,Medium,,47712.89,,,,,9610071
127,3259034,,,8507,,2,4,1,,,2,Yes,No,Gas,,,41.68,,,,High,,24771.46,,,,,9522329
128,343585,,,2021,,5,1,2,,,0,Yes,No,None,,,20.47,,,,High,,48715.24,,,,,9120939
129,15044108,,,9518,,6,1,3,,,1,Yes,Yes,None,,,17,,,,Medium,,1401.72,,,,,11552265
130,2839448,,,2000,,3,4,2,,,0,Yes,No,None,,,24.85,,,,Medium,,45041.95,,,,,10415084
131,17186772,,,7237,,3,4,1,,,2,No,No,Gas,,,28.85,,,,Low,,46624.9,,,,,6889081
132,18652773,,,3794,,2,2,3,,,1,No,No,Central,,,12.3,,,,High,,48090.03,,,,,2623729
133,14943995,,,5585,,1,2,2,,,2,No,Yes,Electric,,,39.8,,,,Medium,,1640.75,,,,,18727177
134,10811699,,,2919,,5,2,1,,,2,Yes,Yes,Central,,,24.58,,,,High,,9413.34,,,,,9497618
135,8606461,,,9626,,1,3,2,,,1,No,No,None,,,17.04,,,,High,,33034.46,,,,,5424595
136,2309021,,,3542,,4,2,3,,,2,No,Yes,None,,,5.79,,,,Low,,2248.16,,,,,5009075
137,1501482,,,4997,,4,4,3,,,2,No,Yes,Electric,,,12.32,,,,Low,,4116.84,,,,,12288221
138,17619551,,,1966,,6,1,1,,,0,No,Yes,Central,,,47.49,,,,Low,,11832.86,,,,,10964782
139,12122585,,,4061,,2,3,1,,,2,No,Yes,None,,,15.6,,,,Medium,,26109.55,,,,,7473625
140,2784413,,,1114,,2,2,1,,,2,Yes,Yes,None,,,8.86,,,,High,,27749.23,,,,,18248332
141,3207360,,,5892,,2,3,2,,,2,Yes,No,Central,,,23.3,,,,Medium,,2678.8,,,,,7282805
142,6195544,,,8193,,6,3,2,,,2,No,Yes,None,,,15.7,,,,Medium,,9348,,,,,5310919
143,2535000,,,9874,,4,2,2,,,1,Yes,Yes,Central,,,2.24,,,,Low,,25485.58,,,,,16685082
144,4622252,,,3723,,1,3,1,,,0,Yes,Yes,None,,,16.5,,,,High,,30103.09,,,,,3159453
145,6122184,,,7638,,6,1,3,,,2,No,No,Central,,,27.43,,,,High,,8271.68,,,,,18695971
146,702690,,,3167,,6,4,3,,,2,No,No,Electric,,,27.81,,,,Low,,20543.23,,,,,12797650
147,2848421,,,8480,,1,4,2,,,1,Yes,No,None,,,18.15,,,,High,,45315.67,,,,,15026965
148,12904871,,,630,,2,1,2,,,2,No,Yes,Electric,,,22.64,,,,Low,,49946.07,,,,,2763208
149,12495226,,,3483,,5,3,3,,,1,Yes,No,None,,,48.29,,,,Medium,,49373.51,,,,,4304168
150,14681704,,,4778,,1,2,3,,,0,Yes,No,None,,,19.18,,,,Medium,,44202.05,,,,,9084599
151,2254109,,,7626,,4,3,2,,,0,No,No,Gas,,,13.28,,,,Low,,20338.34,,,,,2281908
152,14721668,,,8730,,3,1,2,,,2,Yes,No,Central,,,12.55,,,,Medium,,34642.14,,,,,9293487
153,11801362,,,8194,,3,3,3,,,2,Yes,Yes,Electric,,,23.16,,,,Medium,,21413.02,,,,,580759
154,16566473,,,7140,,6,4,1,,,2,Yes,No,Electric,,,38.1,,,,Low,,32777.82,,,,,13838302
155,7505547,,,5968,,3,3,2,,,1,No,No,Electric,,,10.7,,,,Medium,,16162.19,,,,,19197206
156,8623735,,,1420,,5,1,3,,,2,No,Yes,Central,,,35.61,,,,High,,30703.91,,,,,14234360
157,18461466,,,8064,,2,4,3,,,2,No,Yes,Gas,,,1.55,,,,Medium,,26664.17,,,,,6183417
158,12714325,,,9184,,4,3,3,,,0,No,No,Electric,,,21.24,,,,Low,,2199.53,,,,,13485200
159,361087,,,9823,,5,3,3,,,2,Yes,Yes,Central,,,38.91,,,,High,,39744.44,,,,,13906316
160,13896255,,,9002,,4,4,1,,,0,No,No,None,,,17.27,,,,High,,1582.99,,,,,8833216
161,14965175,,,9430,,4,2,3,,,2,No,Yes,Electric,,,28.4,,,,Medium,,15364.64,,,,,8624672
162,18573392,,,3741,,2,4,2,,,0,No,Yes,Electric,,,10.65,,,,High,,1290.28,,,,,8825380
163,10574621,,,1045,,6,2,1,,,2,No,No,Gas,,,37.23,,,,Low,,19433.87,,,,,13577111
164,13322704,,,4846,,3,1,3,,,0,Yes,Yes,Electric,,,3.09,,,,High,,4094.87,,,,,13679592
165,17116569,,,4310,,2,1,1,,,1,Yes,No,Electric,,,42.7,,,,Medium,,45762.04,,,,,8509093
166,6784531,,,7706,,5,4,2,,,0,Yes,Yes,None,,,10.31,,,,Medium,,21368.29,,,,,12375801
167,7954909,,,9505,,6,4,3,,,0,No,No,Central,,,43.78,,,,High,,23515.29,,,,,16441339
168,4559622,,,2532,,5,1,2,,,0,No,Yes,Central,,,17.95,,,,Low,,18142.66,,,,,12926727
169,6025570,,,8936,,6,2,3,,,2,Yes,Yes,Gas,,,36.27,,,,Low,,31747.8,,,,,16089251
170,17494096,,,771,,5,1,3,,,2,No,Yes,None,,,16.3,,,,Medium,,39436,,,,,11397290
171,15721040,,,4011,,2,4,3,,,2,No,Yes,Central,,,45.34,,,,Medium,,32759.19,,,,,7009332
172,5265050,,,2271,,6,1,3,,,1,Yes,Yes,None,,,6.77,,,,Low,,37662.15,,,,,19321698
173,1113168,,,9954,,6,4,3,,,1,Yes,No,Central,,,9.34,,,,High,,45392.71,,,,,927901
174,525281,,,4861,,4,4,1,,,0,No,Yes,None,,,24.9,,,,High,,43313.78,,,,,3281899
175,11806305,,,7569,,4,1,3,,,1,No,No,Gas,,,4.56,,,,High,,34028.86,,,,,13759034
176,8034102,,,1420,,1,2,3,,,0,No,No,Electric,,,10.2,,,,High,,11517.26,,,,,6686676
177,5974719,,,8690,,5,3,1,,,0,Yes,No,Gas,,,47.22,,,,Low,,32247.44,,,,,1888253
178,8958144,,,3930,,4,1,1,,,0,Yes,Yes,Central,,,48.84,,,,Medium,,25798.07,,,,,17760261
179,6909280,,,4935,,1,3,1,,,1,Yes,No,Gas,,,19.12,,,,Medium,,36143.74,,,,,15924763
180,4672093,,,4260,,4,1,1,,,2,Yes,Yes,Electric,,,46.2,,,,High,,41813.65,,,,,4516101
181,18638945,,,2550,,5,3,1,,,1,No,No,Gas,,,27.47,,,,Low,,37393.35,,,,,8538439
182,10911417,,,1665,,6,2,1,,,0,Yes,No,Central,,,13.85,,,,Low,,42481.5,,,,,13643855
183,5778047,,,9067,,3,2,3,,,0,Yes,No,Central,,,35.27,,,,High,,4129.45,,,,,11071600
184,1419043,,,2533,,5,1,3,,,1,No,No,Gas,,,33.12,,,,High,,2549.38,,,,,13933512
185,12018070,,,6967,,2,4,2,,,0,No,No,Electric,,,49.46,,,,High,,13666.53,,,,,19116498
186,16651434,,,645,,4,3,3,,,0,No,Yes,Gas,,,13.62,,,,Medium,,45132.64,,,,,961944
187,10895511,,,4888,,4,4,3,,,1,Yes,No,Electric,,,33.77,,,,High,,41359.3,,,,,10943876
188,14312538,,,8332,,6,4,1,,,1,No,No,None,,,3.08,,,,Medium,,34453.64,,,,,13150341
189,7403230,,,9123,,2,4,1,,,1,No,Yes,Electric,,,6.13,,,,Low,,35337.17,,,,,13676714
190,2858231,,,9396,,6,2,3,,,0,Yes,Yes,None,,,0.69,,,,Low,,36606.85,,,,,17095119
191,6959908,,,8673,,2,1,2,,,0,Yes,Yes,Gas,,,49.97,,,,Medium,,47187.53,,,,,15667923
192,3380389,,,3132,,3,1,1,,,2,No,No,Electric,,,40.21,,,,Medium,,41777.37,,,,,7400883
193,1961909,,,4994,,4,2,3,,,2,Yes,No,None,,,39.44,,,,Medium,,31546.13,,,,,1961241
194,19733354,,,8556,,4,2,3,,,1,No,No,None,,,25.73,,,,Medium,,33620.06,,,,,14132962
195,17187294,,,8011,,3,1,2,,,2,No,No,None,,,15.35,,,,High,,11473.27,,,,,11192542
196,18992847,,,9655,,1,4,2,,,0,Yes,No,Central,,,7.99,,,,Low,,33208.62,,,,,10617704
197,6614127,,,2328,,6,3,1,,,2,No,No,Gas,,,14.59,,,,High,,21809.27,,,,,1701170
198,10092712,,,9630,,3,3,2,,,0,Yes,Yes,None,,,19.11,,,,Medium,,8495.13,,,,,13326796
199,2308187,,,5305,,6,3,3,,,1,Yes,Yes,Electric,,,37.94,,,,High,,40513.74,,,,,19762509
200,1959066,,,1306,,5,4,3,,,1,Yes,No,None,,,27.21,,,,High,,26002.11,,,,,15165779
201,2448815,,,7986,,4,1,2,,,0,No,No,Central,,,4.34,,,,Low,,48893.83,,,,,10146358
202,7655740,,,8702,,6,2,2,,,2,Yes,No,Gas,,,1.39,,,,High,,14802.29,,,,,4908474
203,6704003,,,2368,,2,1,2,,,1,Yes,No,Central,,,5.57,,,,Low,,24552.84,,,,,12065091
204,4435314,,,8378,,6,4,2,,,1,No,No,Central,,,20.82,,,,Medium,,22951.78,,,,,9222571
205,1210681,,,6190,,5,2,1,,,2,No,Yes,Central,,,46.69,,,,High,,6918.2,,,,,14021078
206,18684834,,,8327,,4,4,2,,,2,No,Yes,Electric,,,32.05,,,,Medium,,21879.65,,,,,14302202
207,19832639,,,5929,,3,3,1,,,0,No,No,Gas,,,40.19,,,,Low,,15090.12,,,,,19191552
208,10721958,,,9576,,5,3,3,,,2,Yes,Yes,Gas,,,23.59,,,,Medium,,8855.7,,,,,11241279
209,11000595,,,4064,,4,4,2,,,2,Yes,No,Electric,,,18.4,,,,Medium,,14825.62,,,,,3188851
210,13284808,,,1889,,6,2,1,,,2,Yes,No,Gas,,,5.87,,,,Low,,12429.33,,,,,4678023
211,15064960,,,7774,,1,2,2,,,0,No,No,Central,,,43.86,,,,Medium,,36969.6,,,,,12683582
212,17148511,,,1324,,1,1,3,,,0,No,Yes,Gas,,,39.27,,,,Medium,,2507.98,,,,,15101310
213,9432582,,,2765,,2,3,3,,,1,Yes,Yes,Electric,,,8.82,,,,Medium,,31255.67,,,,,19514117
214,7913287,,,1436,,4,1,3,,,0,No,No,Central,,,25.86,,,,High,,38272.41,,,,,8839016
215,16685802,,,6902,,1,1,2,,,1,No,Yes,Electric,,,24.63,,,,Medium,,24555.45,,,,,6223827
216,3912600,,,4345,,3,4,2,,,2,Yes,Yes,None,,,31.44,,,,Low,,46646.68,,,,,19127342
217,17903032,,,2296,,4,4,1,,,1,Yes,No,Central,,,47.34,,,,High,,35686.15,,,,,5531308
218,12405878,,,8745,,3,1,3,,,1,No,Yes,Central,,,29.2,,,,High,,37648.26,,,,,19032815
219,10545534,,,7714,,3,3,2,,,2,No,Yes,Gas,,,27.24,,,,Low,,10649.74,,,,,6938111
220,10347453,,,1226,,1,4,3,,,1,No,No,Central,,,2.99,,,,Medium,,39087.48,,,,,7469165
221,2326793,,,3236,,4,1,3,,,0,Yes,No,Electric,,,3.61,,,,High,,41772.64,,,,,19592769
222,854594,,,2413,,6,1,1,,,0,Yes,Yes,Gas,,,9.77,,,,High,,18702.05,,,,,11910247
223,8836326,,,8157,,5,1,1,,,0,Yes,No,None,,,2.11,,,,High,,11454.79,,,,,11149069
224,16337627,,,2966,,1,1,1,,,0,Yes,Yes,Electric,,,37.3,,,,Medium,,19867.48,,,,,17253898
225,13528175,,,9541,,1,1,1,,,1,Yes,No,None,,,36.3,,,,High,,37240.79,,,,,19094203
226,2504664,,,7812,,6,1,3,,,1,No,No,None,,,7.23,,,,Low,,21464.31,,,,,14906381
227,4641747,,,8694,,4,4,1,,,2,No,No,None,,,41.89,,,,Medium,,37095.94,,,,,19986635
228,13256528,,,8406,,4,3,1,,,1,No,No,Central,,,8.16,,,,Low,,6564.66,,,,,10487823
229,17764192,,,5376,,3,1,1,,,1,Yes,Yes,Electric,,,15.41,,,,Low,,40494.57,,,,,14953523
230,19549405,,,7787,,6,2,1,,,1,Yes,No,Electric,,,12.82,,,,High,,13407.17,,,,,17655294
231,15787428,,,1392,,6,4,3,,,2,Yes,No,Central,,,18.93,,,,High,,13197.52,,,,,15712384
232,8806404,,,5175,,4,4,1,,,0,No,No,Gas,,,13.11,,,,High,,29928.67,,,,,16824715
233,1541082,,,2433,,3,1,3,,,1,Yes,Yes,None,,,24.7,,,,Low,,4435.78,,,,,16440807
234,5484502,,,1880,,1,4,2,,,2,Yes,Yes,Electric,,,20.67,,,,Medium,,2288.59,,,,,15465384
235,13581288,,,1790,,2,1,3,,,2,No,No,Central,,,49.34,,,,High,,13790.4,,,,,9097057
236,12803247,,,2140,,5,3,3,,,2,Yes,No,None,,,3.27,,,,High,,27365.31,,,,,2866436
237,18656375,,,7990,,1,3,1,,,0,No,No,Gas,,,7.54,,,,Low,,45473.2,,,,,6418313
238,6341495,,,9679,,4,4,2,,,1,Yes,No,Gas,,,3.11,,,,Medium,,42475.32,,,,,3345236
239,17869187,,,1718,,5,4,2,,,2,Yes,No,None,,,31.48,,,,Low,,25031.88,,,,,12464078
240,801157,,,5516,,2,2,2,,,0,No,No,Gas,,,3.2,,,,High,,2815.55,,,,,14605541
241,11302109,,,7381,,2,4,2,,,2,No,Yes,Electric,,,41.9,,,,Low,,27227.38,,,,,2852387
242,6246594,,,1454,,3,2,3,,,2,No,No,Electric,,,25.84,,,,High,,35534.98,,,,,3936402
243,11610552,,,9675,,5,3,2,,,2,No,No,Electric,,,26.59,,,,Medium,,17619.06,,,,,12728706
244,11771761,,,7791,,3,3,3,,,2,No,No,Gas,,,28.3,,,,Low,,6442.1,,,,,17570712
245,19876703,,,1474,,1,1,3,,,2,No,No,Electric,,,8.96,,,,High,,14649.83,,,,,14766248
246,3204941,,,4633,,6,3,3,,,0,Yes,No,Central,,,10.29,,,,High,,38807.85,,,,,1819493
247,8283441,,,5870,,6,2,2,,,1,Yes,No,Electric,,,16.28,,,,High,,18210.95,,,,,9957356
248,5620385,,,4472,,6,4,1,,,1,No,Yes,Electric,,,29.88,,,,High,,40787.09,,,,,4014779
249,19177237,,,5795,,5,1,1,,,1,Yes,Yes,Gas,,,10.9,,,,Low,,16656.55,,,,,18277629
250,13664386,,,9605,,6,2,2,,,1,No,Yes,Electric,,,6.26,,,,High,,9014.2,,,,,1131219
251,15434415,,,8728,,1,4,1,,,0,Yes,Yes,None,,,48.52,,,,Low,,22356.57,,,,,2255683
252,10049436,,,3520,,3,1,1,,,0,No,Yes,Central,,,1.59,,,,High,,23161.45,,,,,8963609
253,17695683,,,9487,,5,3,3,,,0,Yes,Yes,Gas,,,40.23,,,,Low,,1789.3,,,,,5898023
254,5633152,,,4536,,3,2,3,,,2,Yes,No,Central,,,39.51,,,,Low,,6735.21,,,,,15475560
255,10824227,,,5568,,5,4,2,,,2,Yes,No,None,,,15.21,,,,High,,10061.37,,,,,6783999
256,12644096,,,5733,,3,1,2,,,2,Yes,No,Gas,,,7.21,,,,High,,6565.78,,,,,14410762
257,7628141,,,817,,2,1,1,,,1,Yes,No,Gas,,,7.71,,,,High,,17734.78,,,,,1629020
258,18785139,,,2896,,3,3,3,,,2,No,No,Electric,,,35.02,,,,High,,48266.52,,,,,8567102
259,5434207,,,2662,,6,4,2,,,1,No,No,Central,,,32.32,,,,Medium,,25951.9,,,,,17477933
260,8816999,,,3245,,2,3,2,,,2,No,Yes,None,,,39.25,,,,High,,31750.25,,,,,3447573
261,9705634,,,2091,,3,3,2,,,1,Yes,No,None,,,46.91,,,,High,,18462.94,,,,,7417069
262,6153584,,,6683,,5,4,2,,,2,No,Yes,Gas,,,34.75,,,,High,,16850.9,,,,,7041935
263,14788191,,,4430,,5,4,2,,,2,Yes,Yes,Electric,,,8.21,,,,Low,,2134.19,,,,,9450262
264,15236751,,,1812,,5,4,2,,,0,Yes,No,Gas,,,12.55,,,,High,,25516.35,,,,,1296270
265,4601754,,,9977,,4,2,1,,,2,Yes,No,Gas,,,42.19,,,,Low,,24696.84,,,,,8358430
266,2569042,,,4811,,1,4,3,,,2,No,No,Gas,,,10.86,,,,Low,,8733.71,,,,,3693416
267,15418805,,,7814,,5,1,3,,,0,Yes,No,Gas,,,4.09,,,,Low,,38451.88,,,,,19733060
268,2283509,,,2883,,2,3,2,,,1,No,No,None,,,35.31,,,,Low,,25141.04,,,,,1895428
269,8040141,,,3739,,5,2,3,,,0,No,No,None,,,20.43,,,,Medium,,17610.7,,,,,18052155
270,17193597,,,2639,,4,4,3,,,0,Yes,No,Gas,,,46.04,,,,High,,8198.54,,,,,15260435
271,18598917,,,2204,,6,2,3,,,1,Yes,Yes,Gas,,,32.69,,,,Low,,28055.88,,,,,5638139
272,10308805,,,7424,,2,4,2,,,2,No,No,Electric,,,4.98,,,,High,,37888.03,,,,,7657247
273,10920268,,,862,,4,2,2,,,1,No,No,Gas,,,47.42,,,,Low,,14817.97,,,,,15110641
274,10466834,,,3104,,6,3,3,,,2,No,Yes,None,,,13.3,,,,Medium,,11720.92,,,,,4228408
275,6405525,,,4786,,2,3,3,,,2,No,No,Central,,,17.19,,,,Low,,26574.81,,,,,7521414
276,11626237,,,4238,,3,1,2,,,1,No,No,None,,,20.41,,,,High,,8611.82,,,,,2052153
277,19534400,,,2969,,1,1,1,,,0,No,Yes,Electric,,,3.04,,,,High,,33664.06,,,,,11962807
278,1718175,,,5295,,1,4,3,,,1,Yes,No,None,,,25.08,,,,Medium,,30661.84,,,,,18933935
279,15859675,,,6650,,4,3,1,,,2,No,No,Central,,,6.6,,,,High,,5267.02,,,,,1756851
280,16200476,,,1056,,6,2,3,,,1,No,No,Gas,,,20.35,,,,High,,2789.5,,,,,6115566
281,7565795,,,9517,,1,2,1,,,1,No,No,Central,,,17.86,,,,Low,,31394.14,,,,,9842143
282,4072962,,,3308,,6,2,1,,,2,No,No,Gas,,,38.76,,,,High,,15420.39,,,,,14949173
283,12880031,,,5650,,6,1,1,,,0,Yes,No,Gas,,,40.26,,,,Low,,5235.84,,,,,7879349
284,19804639,,,8061,,4,2,2,,,1,Yes,Yes,None,,,8.09,,,,Medium,,38212.01,,,,,4127573
285,10449035,,,3219,,4,1,1,,,2,No,No,None,,,18.64,,,,High,,16388.16,,,,,19010027
286,13007035,,,7006,,4,1,1,,,2,No,No,None,,,18.98,,,,Low,,23520.38,,,,,5672625
287,5430397,,,4241,,1,4,1,,,1,No,Yes,Electric,,,7.99,,,,High,,12603.83,,,,,4548887
288,3751356,,,4498,,4,2,3,,,0,Yes,Yes,None,,,40.02,,,,Low,,31738.54,,,,,1996941
289,3744084,,,2903,,1,2,1,,,1,Yes,No,Electric,,,35.51,,,,Medium,,15772.93,,,,,744846
290,3227109,,,9280,,4,3,3,,,0,Yes,Yes,None,,,9.92,,,,Low,,48433.03,,,,,1459935
291,13061186,,,794,,5,4,1,,,0,Yes,No,Gas,,,18.65,,,,High,,35444.43,,,,,5166148
292,11575612,,,5843,,6,3,1,,,0,Yes,No,Electric,,,5.74,,,,Low,,7699.39,,,,,5122724
293,8803902,,,1636,,4,4,2,,,0,Yes,Yes,Central,,,31.6,,,,High,,21418.05,,,,,12349665
294,11821122,,,2564,,2,2,3,,,1,No,No,Electric,,,6.51,,,,Medium,,19885.63,,,,,16702675
295,16488091,,,7509,,6,1,1,,,2,Yes,No,Electric,,,49.3,,,,Low,,27178.11,,,,,10671765
296,6514624,,,5043,,6,1,3,,,2,Yes,Yes,Central,,,39.14,,,,High,,42254.6,,,,,3784840
297,4635868,,,1507,,4,1,3,,,2,No,Yes,Electric,,,19.82,,,,High,,29587.68,,,,,16795658
298,10114996,,,5945,,3,1,2,,,2,Yes,Yes,Gas,,,29.14,,,,High,,4016.28,,,,,6988064
299,14950271,,,5852,,4,1,2,,,2,No,Yes,None,,,45.61,,,,Low,,33115.37,,,,,16096444
300,12540032,,,9939,,6,3,2,,,2,Yes,No,Central,,,27.93,,,,Low,,1405,,,,,3221984
301,19292383,,,1935,,2,4,2,,,1,No,Yes,None,,,9.14,,,,Low,,39218.06,,,,,15421435
302,4186402,,,1071,,6,2,2,,,0,No,Yes,Gas,,,19.25,,,,Medium,,33665.17,,,,,7727925
303,9378552,,,2882,,2,3,2,,,2,No,Yes,Central,,,42.24,,,,High,,16130.5,,,,,16821041
304,17765321,,,9937,,1,4,2,,,1,No,Yes,None,,,32.39,,,,High,,15329.65,,,,,308981
305,2289173,,,5584,,5,1,2,,,2,No,Yes,None,,,32.71,,,,Medium,,40115.38,,,,,3859976
306,3380761,,,777,,6,4,1,,,2,Yes,No,Gas,,,43.41,,,,Medium,,39383.5,,,,,6907691
307,1714466,,,7559,,4,4,3,,,0,Yes,Yes,None,,,44.75,,,,Low,,18262.82,,,,,17184370
308,745101,,,2387,,1,1,2,,,0,No,No,Gas,,,46.03,,,,Low,,15648.44,,,,,2028177
309,15016695,,,1765,,5,1,2,,,0,No,Yes,Electric,,,5.2,,,,Low,,28431.41,,,,,8116186
310,18182750,,,7991,,4,1,3,,,2,No,Yes,Gas,,,27.43,,,,Low,,1409.92,,,,,12843142
311,11916410,,,1540,,3,2,1,,,2,Yes,Yes,Electric,,,37.16,,,,Low,,5050.68,,,,,3204814
312,10492257,,,9609,,4,1,3,,,2,No,Yes,Central,,,37.97,,,,Low,,7182.31,,,,,18013400
313,9913273,,,8573,,2,2,3,,,0,No,Yes,None,,,30.53,,,,Medium,,10085.18,,,,,19783387
314,7615360,,,9577,,2,1,2,,,1,No,Yes,Gas,,,8.76,,,,Medium,,26088.89,,,,,5157531
315,16658792,,,3252,,3,2,3,,,2,No,Yes,Gas,,,39.97,,,,Medium,,49619.85,,,,,10735379
316,798863,,,8713,,1,4,3,,,2,Yes,Yes,None,,,36.15,,,,High,,32978.06,,,,,8373934
317,19753404,,,5069,,5,3,2,,,2,No,No,None,,,4.76,,,,High,,4003.64,,,,,5499895
318,9485687,,,6853,,4,4,2,,,1,No,Yes,Central,,,23.46,,,,Low,,26753.39,,,,,3743737
319,15200027,,,2853,,2,4,2,,,2,Yes,No,Central,,,9.11,,,,Medium,,25335.62,,,,,17799516
320,15460825,,,7937,,1,1,2,,,1,No,Yes,Gas,,,17.21,,,,High,,8064.22,,,,,10257081
321,6812440,,,5299,,3,2,3,,,2,No,No,Central,,,1.4,,,,High,,46093.35,,,,,19212237
322,12731395,,,1186,,6,3,3,,,1,Yes,Yes,Electric,,,20.32,,,,Medium,,22597.5,,,,,7838009
323,6399628,,,8976,,2,1,1,,,2,Yes,Yes,Central,,,27.72,,,,High,,49733.4,,,,,16935257
324,6855968,,,5311,,3,1,1,,,0,Yes,Yes,Central,,,31.17,,,,High,,21583.54,,,,,4992489
325,2999015,,,9454,,4,1,3,,,0,No,No,Gas,,,33.34,,,,Medium,,30789.93,,,,,16112624
326,17022573,,,5846,,5,4,1,,,0,No,No,Electric,,,41.9,,,,High,,6133.36,,,,,5370447
327,16640850,,,5543,,2,2,3,,,0,Yes,No,Central,,,11.17,,,,Medium,,23257.16,,,,,13211308
328,9137590,,,2928,,2,2,1,,,2,Yes,No,Electric,,,6.46,,,,High,,12699.53,,,,,3787258
329,18249838,,,5626,,4,3,2,,,0,Yes,Yes,Electric,,,42.65,,,,Medium,,41942.68,,,,,13406758
330,2803771,,,8720,,6,2,1,,,1,No,Yes,Electric,,,8.25,,,,High,,39412.06,,,,,14850703
331,3477825,,,9598,,1,2,2,,,0,No,Yes,None,,,48.75,,,,High,,41384.82,,,,,5568681
332,1296161,,,8313,,5,1,2,,,0,Yes,No,None,,,42.21,,,,Medium,,36456.86,,,,,13625559
333,4483839,,,3856,,2,1,2,,,0,No,Yes,None,,,25.29,,,,High,,41801.48,,,,,6575080
334,966326,,,9207,,5,4,2,,,2,Yes,No,None,,,49.08,,,,Medium,,10840.61,,,,,3910566
335,949150,,,7766,,2,1,1,,,0,No,No,Gas,,,5.32,,,,Medium,,23150.15,,,,,11627727
336,418834,,,7040,,5,1,3,,,1,No,No,Central,,,15.5,,,,High,,34900.5,,,,,17845242
337,15685150,,,538,,3,1,2,,,0,No,No,None,,,32.09,,,,Low,,32232.23,,,,,5226423
338,13167733,,,3842,,2,1,1,,,0,No,No,Gas,,,17.83,,,,High,,36101.37,,,,,6607676
339,4722201,,,9578,,5,4,2,,,0,Yes,Yes,Central,,,46.45,,,,Low,,11988.66,,,,,14207024
340,1379600,,,3344,,1,1,1,,,1,No,No,None,,,3.75,,,,Low,,5823.3,,,,,8118835
341,10127141,,,1598,,3,3,1,,,0,No,No,Central,,,27.7,,,,High,,45923.52,,,,,17472678
342,3803157,,,7527,,3,3,1,,,1,Yes,Yes,None,,,29.75,,,,Low,,28448.42,,,,,448306
343,9149851,,,2323,,1,3,3,,,1,No,No,Gas,,,32.81,,,,Medium,,8537.47,,,,,9571230
344,19062804,,,3655,,5,3,1,,,0,Yes,No,Electric,,,13.16,,,,Medium,,39878.39,,,,,3306374
345,18829899,,,3593,,4,1,1,,,1,Yes,Yes,Electric,,,18.55,,,,Low,,45831.57,,,,,17600102
346,18081862,,,6158,,1,3,3,,,2,No,Yes,Central,,,42.26,,,,Medium,,9308.61,,,,,17676709
347,749395,,,4278,,5,1,3,,,0,No,Yes,Gas,,,10.15,,,,High,,41053.21,,,,,5543962
348,7054350,,,3396,,1,4,1,,,0,Yes,No,Electric,,,41.43,,,,Medium,,46728.03,,,,,5947244
349,18337602,,,1488,,1,3,3,,,1,Yes,Yes,None,,,28.35,,,,Low,,46979.72,,,,,10761159
350,3679569,,,4616,,2,2,2,,,1,Yes,Yes,Electric,,,38.23,,,,High,,45793.67,,,,,12148432
351,3200603,,,6946,,5,3,2,,,0,No,Yes,Central,,,35.82,,,,Medium,,27774.63,,,,,8667568
352,16009289,,,4679,,4,3,3,,,2,Yes,No,Central,,,10.77,,,,High,,18454.35,,,,,10822479
353,11655805,,,2182,,2,1,3,,,1,Yes,Yes,Gas,,,28.66,,,,Low,,1356.37,,,,,4476213
354,8911474,,,6126,,1,3,1,,,1,Yes,No,Central,,,43.45,,,,Medium,,3984.7,,,,,12287005
355,1946711,,,7924,,6,2,3,,,2,No,No,Electric,,,21.89,,,,High,,22013.11,,,,,4140624
356,16763634,,,1433,,1,1,1,,,2,Yes,Yes,Electric,,,48.35,,,,High,,20566.98,,,,,13064588
357,6619707,,,4098,,1,1,2,,,0,No,No,Electric,,,22.88,,,,Medium,,10050.98,,,,,8084081
358,8267801,,,2480,,5,4,3,,,2,No,No,Electric,,,7.57,,,,High,,20378.52,,,,,16960183
359,1723286,,,3556,,5,4,1,,,0,Yes,Yes,Gas,,,19.78,,,,High,,9557.85,,,,,5086431
360,3995961,,,9484,,2,3,1,,,2,No,No,None,,,47.61,,,,Low,,42590.77,,,,,14373601
361,8517316,,,1291,,4,4,2,,,1,Yes,Yes,None,,,16.33,,,,Low,,15611.55,,,,,8776353
362,7648340,,,5890,,2,4,3,,,0,No,No,Gas,,,43.47,,,,Low,,30329.65,,,,,15406292
363,12102429,,,7135,,3,4,2,,,0,No,No,Central,,,44.12,,,,Low,,25639.31,,,,,5191447
364,483062,,,2755,,1,1,1,,,0,Yes,Yes,None,,,17.83,,,,Low,,3542.22,,,,,5497535
365,3141992,,,4110,,6,1,1,,,2,Yes,Yes,Central,,,4.62,,,,Low,,47169.45,,,,,6004411
366,4594539,,,2107,,1,1,3,,,1,Yes,No,None,,,36.37,,,,Medium,,26834.07,,,,,10476310
367,11909076,,,5679,,1,4,1,,,0,No,No,Central,,,15.92,,,,Low,,16927.82,,,,,3885435
368,15358560,,,7073,,2,1,3,,,0,No,Yes,Gas,,,39.25,,,,High,,8748.2,,,,,2617165
369,6395929,,,1484,,6,4,2,,,0,Yes,No,Electric,,,22.41,,,,Medium,,17587.81,,,,,15431864
370,5244505,,,6276,,6,1,3,,,0,Yes,No,Central,,,24.52,,,,High,,2005.07,,,,,1099235
371,1103328,,,4176,,6,1,3,,,1,No,No,Electric,,,39.01,,,,Low,,18814.35,,,,,12896610
372,1343233,,,3880,,2,2,1,,,2,No,No,Central,,,19.43,,,,Low,,27042.81,,,,,7543520
373,10400349,,,9211,,1,3,1,,,1,No,Yes,Central,,,22.43,,,,High,,43721.45,,,,,11061021
374,829525,,,9282,,2,4,3,,,0,Yes,Yes,Central,,,19.12,,,,High,,34681.35,,,,,11022351
375,16012815,,,1550,,5,2,1,,,1,No,Yes,Central,,,18.68,,,,High,,6467.53,,,,,7565341
376,13951544,,,4133,,5,1,1,,,0,Yes,Yes,Central,,,26.53,,,,Medium,,8239.57,,,,,14362660
377,17253831,,,6842,,2,4,1,,,2,No,Yes,Electric,,,40.54,,,,Low,,21978.05,,,,,6587206
378,7774447,,,1459,,6,1,3,,,2,No,Yes,Central,,,18.41,,,,High,,10589.68,,,,,5761730
379,4901020,,,6559,,1,3,1,,,2,Yes,No,Electric,,,26.45,,,,Low,,2364.64,,,,,987055
380,15426502,,,9384,,2,2,3,,,0,Yes,Yes,Gas,,,33.7,,,,High,,40445.73,,,,,13722577
381,3999391,,,6155,,2,3,1,,,1,Yes,No,None,,,13.84,,,,Low,,1956.61,,,,,1721742
382,10374901,,,4973,,2,2,2,,,2,No,No,Central,,,14.24,,,,Medium,,41703.79,,,,,18541510
383,15232828,,,3446,,3,1,1,,,0,No,No,None,,,46.7,,,,Low,,8061.09,,,,,11793605
384,3912610,,,8225,,5,3,1,,,0,No,Yes,Electric,,,36.31,,,,High,,48759.24,,,,,15072593
385,15492217,,,1026,,6,3,3,,,1,Yes,No,Gas,,,29.07,,,,Low,,30589.82,,,,,18592913
386,19241583,,,3724,,4,1,3,,,2,No,Yes,Gas,,,32.56,,,,Medium,,37014.17,,,,,16468345
387,10592658,,,2375,,6,3,1,,,0,Yes,No,Gas,,,1.95,,,,Medium,,6413.7,,,,,1973783
388,444356,,,2263,,4,4,2,,,1,Yes,No,None,,,31.1,,,,Low,,43243.1,,,,,7065837
389,13086773,,,9212,,3,2,1,,,2,Yes,Yes,Electric,,,25.72,,,,High,,42120.42,,,,,16978093
390,2048014,,,6297,,2,2,1,,,1,No,No,Central,,,27.51,,,,Medium,,32996.64,,,,,772803
391,7456720,,,9708,,3,2,2,,,1,No,No,Central,,,18.29,,,,Medium,,25611.47,,,,,1834851
392,17042125,,,7599,,3,4,3,,,0,Yes,No,Electric,,,4.53,,,,Low,,36352.97,,,,,14654158
393,12961693,,,5609,,1,2,1,,,0,No,No,None,,,10.07,,,,Medium,,1290.48,,,,,893695
394,2588627,,,7144,,5,1,3,,,0,Yes,Yes,Central,,,47.56,,,,Medium,,30029.6,,,,,18723889
395,15140260,,,616,,4,3,3,,,1,Yes,No,Electric,,,20.73,,,,High,,42522.9,,,,,4390617
396,6897519,,,2933,,2,4,2,,,0,No,No,Central,,,23.6,,,,High,,18488.09,,,,,19740832
397,17841337,,,5963,,4,2,2,,,1,Yes,Yes,Gas,,,3.11,,,,High,,6306.18,,,,,5113417
398,9858356,,,1083,,6,1,3,,,1,Yes,No,Central,,,2.36,,,,Low,,21622.99,,,,,5415068
399,11270723,,,9086,,4,3,1,,,0,No,No,None,,,36,,,,Medium,,36628.12,,,,,9834473
400,5998848,,,4288,,6,3,3,,,2,Yes,No,Electric,,,27.14,,,,Low,,6257.76,,,,,17497345
401,16347357,,,4667,,5,4,1,,,2,Yes,No,None,,,25.68,,,,Medium,,11096.38,,,,,6649244
402,18184893,,,8965,,6,4,1,,,2,Yes,Yes,Electric,,,12.53,,,,Medium,,8230.04,,,,,11513351
403,6038852,,,1889,,4,4,2,,,1,Yes,No,Gas,,,37.37,,,,Medium,,40050.44,,,,,4646048
404,588790,,,8857,,4,1,1,,,1,Yes,Yes,Electric,,,8.83,,,,High,,4081.74,,,,,18957568
405,5384921,,,6654,,6,1,1,,,1,Yes,No,Central,,,9.9,,,,Low,,34642.74,,,,,5403555
406,16763605,,,5920,,3,4,3,,,0,Yes,No,Central,,,23.31,,,,Low,,18956.39,,,,,7075951
407,10097444,,,9420,,5,2,2,,,1,No,No,Gas,,,14.67,,,,Medium,,38033.77,,,,,3748196
408,16912451,,,2543,,1,3,1,,,0,No,Yes,Electric,,,12.75,,,,Low,,48254.79,,,,,10244929
409,13533331,,,4697,,2,3,1,,,0,Yes,No,Gas,,,32.44,,,,High,,6612.72,,,,,5188362
410,3993305,,,3996,,4,1,2,,,2,Yes,No,Central,,,32.72,,,,Low,,16404.87,,,,,7455057
411,16401010,,,1278,,2,3,3,,,2,No,Yes,None,,,41.31,,,,Medium,,40696.15,,,,,11958111
412,13770137,,,713,,1,2,2,,,2,No,Yes,Gas,,,21.18,,,,High,,14041.76,,,,,8767351
413,4766271,,,4262,,2,3,2,,,0,No,Yes,None,,,4.12,,,,High,,11540.91,,,,,9036394
414,1652695,,,7231,,1,1,1,,,0,No,Yes,None,,,14.05,,,,Medium,,41443.52,,,,,19566099
415,10795300,,,3617,,6,1,1,,,0,No,No,Electric,,,49.01,,,,Low,,49367.04,,,,,14556140
416,18666444,,,6291,,3,2,3,,,1,Yes,No,Gas,,,30.01,,,,Medium,,28287.15,,,,,6048413
417,1400567,,,9283,,4,2,1,,,0,No,No,None,,,35.63,,,,Low,,14624.39,,,,,8642490
418,8006358,,,3220,,1,3,1,,,2,No,No,None,,,0.86,,,,Low,,20529.73,,,,,16293171
419,13501904,,,9405,,2,3,2,,,2,No,Yes,Electric,,,26.15,,,,High,,9336.39,,,,,10713929
420,349115,,,9627,,4,1,1,,,0,Yes,No,Electric,,,2.36,,,,Medium,,38332.48,,,,,9417535
421,15723647,,,6547,,3,2,3,,,0,Yes,No,Central,,,28.68,,,,High,,38900.23,,,,,14064359
422,12026298,,,8532,,6,2,2,,,2,Yes,No,None,,,46.08,,,,Medium,,43880.93,,,,,4613399
423,17798963,,,501,,4,2,3,,,0,Yes,No,Central,,,48.44,,,,Medium,,2303.53,,,,,1251399
424,13419138,,,6868,,1,3,2,,,2,Yes,Yes,None,,,27.26,,,,High,,28537.09,,,,,6681906
425,11738459,,,2449,,3,2,1,,,1,Yes,No,Central,,,23.18,,,,Medium,,11498.52,,,,,12464293
426,15333888,,,7232,,2,1,2,,,2,No,No,Electric,,,47.28,,,,Medium,,17703.27,,,,,9555211
427,1704330,,,8333,,3,1,2,,,1,Yes,No,Gas,,,33.84,,,,Low,,39462.83,,,,,16462235
428,17328708,,,1417,,3,3,1,,,0,Yes,Yes,Electric,,,3.71,,,,Medium,,10409.65,,,,,2704710
429,4335851,,,3674,,5,4,1,,,0,No,Yes,Central,,,23.55,,,,Medium,,32278.75,,,,,12431695
430,14431010,,,7514,,3,3,3,,,1,Yes,No,Central,,,12.39,,,,High,,33073.74,,,,,16107231
431,791072,,,589,,3,4,3,,,0,No,No,Gas,,,23.76,,,,High,,47750.6,,,,,19922869
432,1386880,,,2209,,4,2,1,,,1,No,No,None,,,23.05,,,,Medium,,38982.89,,,,,17038345
433,13387911,,,3541,,2,3,1,,,0,Yes,Yes,Central,,,29.32,,,,Low,,40378.12,,,,,4760745
434,15587338,,,605,,4,1,1,,,2,No,No,Central,,,18.16,,,,Low,,27048.44,,,,,13516713
435,2355723,,,9578,,4,2,2,,,0,No,No,Central,,,8.63,,,,High,,10152.26,,,,,12749436
436,2548988,,,9119,,1,1,2,,,2,No,No,Gas,,,25.43,,,,Medium,,21852.6,,,,,15852975
437,15983595,,,2395,,4,2,2,,,2,No,Yes,Electric,,,41.6,,,,Medium,,27924.99,,,,,10921840
438,10002701,,,6590,,5,3,1,,,1,Yes,No,Central,,,33.37,,,,Low,,34242.54,,,,,13030804
439,11453281,,,9008,,5,4,3,,,0,No,No,Gas,,,17.25,,,,Low,,30777.75,,,,,9153372
440,3276242,,,6582,,1,2,1,,,1,Yes,Yes,Central,,,46.81,,,,Low,,20304.91,,,,,2550477
441,4880081,,,1134,,6,4,2,,,0,No,Yes,None,,,45.65,,,,High,,14000.34,,,,,13829652
442,14556162,,,2425,,2,2,2,,,2,No,No,Gas,,,10.86,,,,Medium,,9243.31,,,,,4554567
443,2948790,,,2556,,2,1,1,,,2,No,Yes,Central,,,2.45,,,,High,,34998.42,,,,,7214996
444,4063024,,,7417,,4,1,1,,,0,Yes,No,Gas,,,37.19,,,,Medium,,32624.54,,,,,1467208
445,11398716,,,3644,,4,2,2,,,0,Yes,Yes,Central,,,41.47,,,,High,,34681.25,,,,,8501319
446,5133177,,,1052,,6,4,2,,,1,Yes,Yes,Electric,,,48.41,,,,Medium,,19253.85,,,,,1622924
447,8572841,,,9407,,4,3,2,,,0,No,No,Central,,,44.55,,,,Low,,13857.98,,,,,9749136
448,8754561,,,5883,,2,3,1,,,0,No,No,Gas,,,30.23,,,,Low,,38226.35,,,,,11917659
449,12678226,,,4411,,3,1,2,,,0,No,No,None,,,26.74,,,,Low,,38908.72,,,,,7276192
450,2897480,,,3889,,5,3,2,,,1,No,Yes,None,,,1.88,,,,High,,23325.2,,,,,2070020
451,16835430,,,9799,,3,1,3,,,0,Yes,No,None,,,12.71,,,,Low,,30983.3,,,,,8831320
452,4497571,,,8942,,3,3,1,,,2,No,No,Central,,,23.25,,,,Medium,,19302.46,,,,,13171493
453,6418900,,,2930,,2,2,3,,,1,Yes,No,Electric,,,31.61,,,,High,,35395.41,,,,,15758874
454,19999313,,,958,,3,1,3,,,1,No,No,Central,,,28.08,,,,Medium,,41950.36,,,,,16243416
455,17234380,,,707,,6,1,2,,,2,Yes,No,None,,,37.26,,,,High,,34723.43,,,,,15531215
456,10917244,,,1399,,1,2,1,,,2,Yes,Yes,Gas,,,14.35,,,,Medium,,26116.55,,,,,13188437
457,831831,,,521,,4,1,2,,,2,No,No,None,,,28.47,,,,Medium,,23474.24,,,,,17520388
458,3289475,,,9101,,1,3,1,,,0,No,No,Gas,,,4.86,,,,High,,32473.66,,,,,9680638
459,16979640,,,1394,,5,3,3,,,2,Yes,Yes,Electric,,,20.98,,,,High,,34310.73,,,,,13168957
460,3669720,,,1014,,4,1,1,,,0,No,No,Gas,,,37.63,,,,Low,,28377.74,,,,,19099279
461,5011075,,,7794,,3,3,2,,,1,No,No,Central,,,34.82,,,,Low,,31622.17,,,,,16939758
462,7154500,,,5404,,5,4,2,,,1,Yes,No,Central,,,49.54,,,,Medium,,5732.85,,,,,17835118
463,2940328,,,8367,,4,1,2,,,2,Yes,No,Central,,,14.26,,,,Medium,,47636.51,,,,,7463068
464,9522335,,,4609,,6,2,1,,,0,Yes,No,Gas,,,25.16,,,,Medium,,39747.88,,,,,666099
465,11852291,,,7679,,6,4,3,,,2,Yes,Yes,Central,,,16.81,,,,High,,19322.47,,,,,7379981
466,370640,,,2060,,6,1,3,,,2,No,Yes,Central,,,22.31,,,,High,,28577.82,,,,,10619935
467,13079494,,,1766,,6,2,1,,,0,Yes,Yes,Central,,,42.92,,,,Low,,3318.9,,,,,12825186
468,10689599,,,4138,,3,3,2,,,2,Yes,No,Electric,,,34.37,,,,Medium,,3020.16,,,,,15934890
469,4894877,,,9441,,1,2,3,,,1,Yes,Yes,Gas,,,44.18,,,,Low,,13289.12,,,,,6195882
470,18432747,,,3927,,4,4,2,,,2,No,No,Gas,,,10.57,,,,High,,34795.38,,,,,16120184
471,975510,,,5280,,3,3,1,,,0,Yes,No,None,,,43.73,,,,High,,42755.24,,,,,5630605
472,4041196,,,2427,,6,1,2,,,0,No,No,Gas,,,3.46,,,,High,,28400.11,,,,,4604979
473,19811512,,,2856,,1,3,3,,,1,Yes,Yes,Electric,,,44.49,,,,Low,,27074.5,,,,,14961065
474,16883522,,,5290,,5,1,3,,,0,Yes,Yes,Gas,,,16.79,,,,High,,20713.17,,,,,3256181
475,7006024,,,806,,5,1,2,,,0,No,Yes,Electric,,,16.07,,,,Medium,,8918.3,,,,,5758076
476,12020477,,,8479,,5,2,1,,,1,Yes,No,Electric,,,25.85,,,,Low,,6799.35,,,,,15604008
477,17975536,,,4165,,6,2,2,,,2,Yes,Yes,Gas,,,47.06,,,,High,,38273.31,,,,,13179420
478,13517648,,,7557,,5,2,1,,,1,No,No,None,,,2.87,,,,Low,,46447.67,,,,,8271391
479,19084851,,,1161,,2,4,2,,,2,Yes,Yes,Central,,,17.94,,,,Low,,23455.88,,,,,18093703
480,3564908,,,5144,,4,4,3,,,1,Yes,Yes,Central,,,42.9,,,,High,,33312.84,,,,,6734548
481,13292907,,,9003,,4,2,1,,,2,Yes,No,Gas,,,20.1,,,,High,,45808.42,,,,,4028489
482,14873458,,,3420,,6,4,1,,,1,Yes,No,Gas,,,10.36,,,,Low,,5415.57,,,,,9909533
483,14656744,,,9774,,2,3,1,,,2,No,Yes,Electric,,,21.53,,,,Low,,38753.59,,,,,10741909
484,16087803,,,9446,,3,3,3,,,1,Yes,Yes,Gas,,,19.58,,,,High,,31224.03,,,,,12898587
485,13723442,,,6736,,3,4,2,,,2,No,Yes,Electric,,,45.81,,,,Medium,,30333.22,,,,,17033956
486,3899865,,,6578,,5,4,3,,,1,Yes,No,None,,,38.22,,,,Low,,15334.48,,,,,14049872
487,13756244,,,852,,1,3,1,,,0,No,No,Gas,,,25.5,,,,Low,,34510.77,,,,,18204021
488,18116674,,,9594,,3,1,2,,,2,Yes,Yes,Central,,,49.42,,,,Medium,,39945.09,,,,,19881876
489,4072811,,,7505,,1,3,3,,,1,No,Yes,Central,,,23.53,,,,High,,6530.05,,,,,5894181
490,2617336,,,658,,4,3,1,,,2,Yes,No,Gas,,,3.38,,,,High,,27142.55,,,,,9957503
491,3063642,,,1456,,1,4,1,,,2,No,Yes,Electric,,,13.48,,,,Medium,,5961.99,,,,,18755791
492,7989684,,,2571,,4,3,3,,,1,No,No,Central,,,22.09,,,,High,,43756.13,,,,,8274410
493,10498499,,,9095,,2,4,3,,,2,Yes,No,Electric,,,8.27,,,,High,,25874.2,,,,,6528462
494,4088340,,,3953,,2,4,3,,,1,No,No,Gas,,,47.4,,,,Low,,40590.32,,,,,8640134
495,11108470,,,7175,,6,2,1,,,0,Yes,No,Gas,,,38.46,,,,Low,,19036.2,,,,,7317718
496,497775,,,1455,,6,3,3,,,2,Yes,No,Central,,,13.78,,,,Low,,7128.83,,,,,11598657
497,2686488,,,6795,,5,1,1,,,0,Yes,No,Gas,,,29.74,,,,Medium,,3033.47,,,,,6361598
498,17864710,,,2212,,3,2,3,,,2,Yes,Yes,None,,,36.21,,,,High,,14793.97,,,,,9791979
499,5632660,,,5203,,5,4,1,,,2,Yes,No,None,,,47.09,,,,High,,12967.45,,,,,8597714
500,9889801,,,7063,,4,4,1,,,2,No,No,Central,,,44.14,,,,Low,,28457.25,,,,,17811759
